{
    "info": {
        "name": "Dealls Case Study",
        "description": "",
        "schema": "https://schema.getpostman.com/json/collection/v2.1.0/collection.json"
    },
    "item": [
        {
            "name": "authentication-service",
            "description": "",
            "item": [
                {
                    "name": "Login",
                    "description": "",
                    "event": [
                        {
                            "listen": "test",
                            "script": {
                                "exec": [],
                                "type": "text/javascript",
                                "packages": {}
                            }
                        }
                    ],
                    "auth": {},
                    "request": {
                        "auth": {},
                        "method": "POST",
                        "body": {
                            "mode": "raw",
                            "raw": "{\n    \"username\": \"3030302\",\n    \"password\": \"Dealls10!\"\n}",
                            "options": {
                                "raw": {
                                    "language": "json"
                                }
                            }
                        },
                        "header": [],
                        "url": {
                            "raw": "{{baseUrl}}/api/auth/api/login",
                            "path": [
                                "api",
                                "auth",
                                "api",
                                "login"
                            ],
                            "host": [
                                "{{baseUrl}}"
                            ],
                            "query": [],
                            "variable": []
                        }
                    },
                    "response": [
                        {
                            "name": "Success",
                            "originalRequest": {
                                "method": "POST",
                                "header": [],
                                "url": {
                                    "raw": "{{baseUrl}}/api/auth/api/login",
                                    "path": [
                                        "api",
                                        "auth",
                                        "api",
                                        "login"
                                    ],
                                    "host": [
                                        "{{baseUrl}}"
                                    ],
                                    "query": [],
                                    "variable": []
                                },
                                "body": {
                                    "mode": "raw",
                                    "raw": "{\n  \"username\": \"3030300\",\n  \"password\": \"Dealls30!\"\n}",
                                    "options": {
                                        "raw": {
                                            "language": "json"
                                        }
                                    }
                                }
                            },
                            "status": "OK",
                            "code": 200,
                            "_postman_previewlanguage": "json",
                            "header": [
                                {
                                    "key": "Content-Length",
                                    "value": "252"
                                },
                                {
                                    "key": "Content-Type",
                                    "value": "application/json; charset=utf-8"
                                },
                                {
                                    "key": "Date",
                                    "value": "Tue, 10 Jun 2025 04:34:02 GMT"
                                }
                            ],
                            "cookie": [],
                            "body": "{\"status\":\"OK\",\"code\":200,\"message\":\"Successfully logged in\",\"data\":\"eyJhbGciOiJIUzI1NiIsInR5cCI6IkpXVCJ9.eyJleHAiOjE3NDk2MTY0NDIsInJvbGVzIjpbIkFETUlOX0hSX1BBWVJPTEwiLCJFTVBMT1lFRSJdLCJ1c2VyIjoiMzAzMDMwMCJ9.gw-fnECllOG2XknKydsXn4QeXuYIOFbpGbH1woXq_U0\"}"
                        }
                    ],
                    "protocolProfileBehavior": {
                        "strictSSL": false,
                        "followRedirects": true
                    }
                }
            ],
            "event": [
                {
                    "listen": "prerequest",
                    "script": {
                        "exec": [],
                        "type": "text/javascript",
                        "packages": {}
                    }
                },
                {
                    "listen": "test",
                    "script": {
                        "exec": [],
                        "type": "text/javascript",
                        "packages": {}
                    }
                }
            ],
            "auth": {}
        },
        {
            "name": "employee-service",
            "description": "",
            "item": [
                {
                    "name": "microservice",
                    "description": "",
                    "item": [
                        {
                            "name": "Get Employee By Nip",
                            "description": "",
                            "event": [],
                            "auth": {},
                            "request": {
                                "auth": {},
                                "method": "POST",
                                "body": {
                                    "mode": "raw",
                                    "raw": "{\n    \"nip\": \"3030302\"\n}",
                                    "options": {
                                        "raw": {
                                            "language": "json"
                                        }
                                    }
                                },
                                "header": [],
                                "url": {
                                    "raw": "{{baseUrl}}/services/employees/services/employee/get-by-nip",
                                    "path": [
                                        "services",
                                        "employees",
                                        "services",
                                        "employee",
                                        "get-by-nip"
                                    ],
                                    "host": [
                                        "{{baseUrl}}"
                                    ],
                                    "query": [],
                                    "variable": []
                                }
                            },
                            "response": [
                                {
                                    "name": "Success",
                                    "originalRequest": {
                                        "method": "POST",
                                        "header": [],
                                        "url": {
                                            "raw": "{{baseUrl}}/services/employees/services/employee/get-by-nip",
                                            "path": [
                                                "services",
                                                "employees",
                                                "services",
                                                "employee",
                                                "get-by-nip"
                                            ],
                                            "host": [
                                                "{{baseUrl}}"
                                            ],
                                            "query": [],
                                            "variable": []
                                        },
                                        "body": {
                                            "mode": "raw",
                                            "raw": "{\n    \"nip\": \"3030302\"\n}",
                                            "options": {
                                                "raw": {
                                                    "language": "json"
                                                }
                                            }
                                        }
                                    },
                                    "status": "OK",
                                    "code": 200,
                                    "_postman_previewlanguage": "json",
                                    "header": [
                                        {
                                            "key": "Content-Length",
                                            "value": "320"
                                        },
                                        {
                                            "key": "Content-Type",
                                            "value": "application/json; charset=utf-8"
                                        },
                                        {
                                            "key": "Date",
                                            "value": "Tue, 10 Jun 2025 05:00:45 GMT"
                                        }
                                    ],
                                    "cookie": [],
                                    "body": "{\"status\":\"OK\",\"code\":200,\"message\":\"Employee retrieved successfully\",\"data\":{\"ID\":1016,\"CreatedAt\":\"2025-06-08T07:08:28.708083+07:00\",\"UpdatedAt\":\"2025-06-08T07:08:28.708083+07:00\",\"DeletedAt\":null,\"CreatedBy\":\"SYSTEM\",\"UpdatedBy\":\"SYSTEM\",\"DeletedBy\":\"\",\"name\":\"Lady Shakira Hackett\",\"nip\":\"3030302\",\"salary\":7985870}}"
                                }
                            ],
                            "protocolProfileBehavior": {
                                "strictSSL": false,
                                "followRedirects": true
                            }
                        },
                        {
                            "name": "Get All Employees",
                            "description": "",
                            "event": [],
                            "auth": {},
                            "request": {
                                "auth": {},
                                "method": "GET",
                                "body": {
                                    "mode": "raw",
                                    "options": {
                                        "raw": {
                                            "language": "json"
                                        }
                                    }
                                },
                                "header": [],
                                "url": {
                                    "raw": "{{baseUrl}}/services/employees/services/employee/get-all-employee",
                                    "path": [
                                        "services",
                                        "employees",
                                        "services",
                                        "employee",
                                        "get-all-employee"
                                    ],
                                    "host": [
                                        "{{baseUrl}}"
                                    ],
                                    "query": [],
                                    "variable": []
                                }
                            },
                            "response": [
                                {
                                    "name": "Success",
                                    "originalRequest": {
                                        "method": "GET",
                                        "header": [],
                                        "url": {
                                            "raw": "{{baseUrl}}/services/employees/services/employee/get-all-employee",
                                            "path": [
                                                "services",
                                                "employees",
                                                "services",
                                                "employee",
                                                "get-all-employee"
                                            ],
                                            "host": [
                                                "{{baseUrl}}"
                                            ],
                                            "query": [],
                                            "variable": []
                                        },
                                        "body": {
                                            "mode": "raw",
                                            "options": {
                                                "raw": {
                                                    "language": "text"
                                                }
                                            }
                                        }
                                    },
                                    "status": "OK",
                                    "code": 200,
                                    "_postman_previewlanguage": "json",
                                    "header": [
                                        {
                                            "key": "Content-Type",
                                            "value": "application/json; charset=utf-8"
                                        },
                                        {
                                            "key": "Date",
                                            "value": "Tue, 10 Jun 2025 05:01:09 GMT"
                                        },
                                        {
                                            "key": "Transfer-Encoding",
                                            "value": "chunked"
                                        }
                                    ],
                                    "cookie": [],
                                    "body": "{\"status\":\"OK\",\"code\":200,\"message\":\"Employee list retrieved successfully\",\"data\":[{\"nip\":\"3030300\",\"name\":\"Miss Sandra Streich\",\"salary\":5901288},{\"nip\":\"3030302\",\"name\":\"Lady Shakira Hackett\",\"salary\":7985870},{\"nip\":\"3030303\",\"name\":\"Mrs. Elena Beer\",\"salary\":7285724},{\"nip\":\"3030304\",\"name\":\"Lady Cecilia Cormier\",\"salary\":6248426},{\"nip\":\"344825934584232\",\"name\":\"Mrs. Marcia Kerluke\",\"salary\":7262942},{\"nip\":\"372158902901335\",\"name\":\"Queen Ashley Okuneva\",\"salary\":4920956},{\"nip\":\"378015674983431\",\"name\":\"Mrs. Avis Kovacek\",\"salary\":4563419},{\"nip\":\"340374359941019\",\"name\":\"Mrs. Millie Miller\",\"salary\":7496093},{\"nip\":\"375874233313400\",\"name\":\"Mrs. Oma Schulist\",\"salary\":7445181},{\"nip\":\"349516509566153\",\"name\":\"Dr. Alexandrine Parisian\",\"salary\":4738746},{\"nip\":\"347779246252952\",\"name\":\"Lady Yoshiko Schmeler\",\"salary\":4816440},{\"nip\":\"371381224529469\",\"name\":\"Miss Wilhelmine Leannon\",\"salary\":5130829},{\"nip\":\"346661836095614\",\"name\":\"Miss Roxanne Rohan\",\"salary\":7733408},{\"nip\":\"373569409207119\",\"name\":\"Mrs. Ashlee Harris\",\"salary\":5269033},{\"nip\":\"345572997799347\",\"name\":\"Ms. Michele Friesen\",\"salary\":4130790},{\"nip\":\"375536874663994\",\"name\":\"Lady Loren Stamm\",\"salary\":3402660},{\"nip\":\"377891546550930\",\"name\":\"Queen Stephany Walsh\",\"salary\":3771816},{\"nip\":\"373650588750044\",\"name\":\"Mrs. Christiana Spinka\",\"salary\":3306389},{\"nip\":\"345868163612952\",\"name\":\"Miss Maddison Schinner\",\"salary\":7807150},{\"nip\":\"374970793743730\",\"name\":\"Prof. Mckayla Kuhic\",\"salary\":6155191},{\"nip\":\"340636614246700\",\"name\":\"Miss Grace Rosenbaum\",\"salary\":3536866},{\"nip\":\"340044046626459\",\"name\":\"Queen Candace Sanford\",\"salary\":3382353},{\"nip\":\"370135330497530\",\"name\":\"Dr. Dortha Towne\",\"salary\":4704115},{\"nip\":\"343411567008656\",\"name\":\"Prof. Linnie Gottlieb\",\"salary\":6498986},{\"nip\":\"343698769049697\",\"name\":\"Queen Gloria Grady\",\"salary\":4185995},{\"nip\":\"372308970292461\",\"name\":\"Lady Josiane Schinner\",\"salary\":3516574},{\"nip\":\"379627758583783\",\"name\":\"Miss Yessenia Russel\",\"salary\":6718737},{\"nip\":\"379745415086086\",\"name\":\"Princess Nyah Runolfsson\",\"salary\":3452637},{\"nip\":\"375214107640131\",\"name\":\"Lady Breanne Von\",\"salary\":5123848},{\"nip\":\"379851671132702\",\"name\":\"Prof. Bettie Murray\",\"salary\":7779702},{\"nip\":\"348137877930355\",\"name\":\"Princess Angelita Johnson\",\"salary\":7693248},{\"nip\":\"344630635862276\",\"name\":\"Princess Isabella O\\\"Conner\",\"salary\":3532236},{\"nip\":\"379686065162906\",\"name\":\"Dr. Flo Schowalter\",\"salary\":4144573},{\"nip\":\"378529489793705\",\"name\":\"Miss Maymie Dickinson\",\"salary\":6083492},{\"nip\":\"345541847207492\",\"name\":\"Prof. Marisa Considine\",\"salary\":4316053},{\"nip\":\"348853986721592\",\"name\":\"Miss Margarett Wiza\",\"salary\":5556449},{\"nip\":\"342138086993928\",\"name\":\"Mrs. Laurence Hirthe\",\"salary\":6573446},{\"nip\":\"340011877509857\",\"name\":\"Queen Aryanna Schmidt\",\"salary\":6376367},{\"nip\":\"377742409868922\",\"name\":\"Ms. Pink Wiza\",\"salary\":7785716},{\"nip\":\"344613482669814\",\"name\":\"Queen Allison Rice\",\"salary\":3053574},{\"nip\":\"341334251161893\",\"name\":\"Queen Piper Schmeler\",\"salary\":5025722},{\"nip\":\"379433572477027\",\"name\":\"Dr. Bernadette Hauck\",\"salary\":5779763},{\"nip\":\"376134801955841\",\"name\":\"Mrs. Rosalinda Bruen\",\"salary\":7997070},{\"nip\":\"373807710829489\",\"name\":\"Miss Mattie Breitenberg\",\"salary\":7585316},{\"nip\":\"347881240530567\",\"name\":\"Prof. Velda O\\\"Keefe\",\"salary\":3133898},{\"nip\":\"343687942294558\",\"name\":\"Dr. Aniyah Moore\",\"salary\":6989768},{\"nip\":\"343559971057013\",\"name\":\"Mrs. Eloise Hirthe\",\"salary\":6120951},{\"nip\":\"373608411129108\",\"name\":\"Dr. Providenci Zieme\",\"salary\":7507342},{\"nip\":\"341348510049489\",\"name\":\"Dr. Princess Schulist\",\"salary\":5101704},{\"nip\":\"345893257733419\",\"name\":\"Mrs. Annamarie Deckow\",\"salary\":3198606},{\"nip\":\"349992961312830\",\"name\":\"Ms. Jennie Towne\",\"salary\":7815097},{\"nip\":\"370884835802397\",\"name\":\"Queen Joelle Considine\",\"salary\":7059488},{\"nip\":\"344532900681657\",\"name\":\"Ms. Sallie Schimmel\",\"salary\":5196722},{\"nip\":\"342084905883916\",\"name\":\"Miss Esther Rowe\",\"salary\":3193629},{\"nip\":\"345557021734626\",\"name\":\"Ms. Adela Nader\",\"salary\":7954464},{\"nip\":\"348718955749905\",\"name\":\"Princess Otha Dicki\",\"salary\":3902455},{\"nip\":\"344208689092552\",\"name\":\"Lady Lacey Kuhic\",\"salary\":7659511},{\"nip\":\"371229062241214\",\"name\":\"Mrs. Jaquelin Carroll\",\"salary\":7754609},{\"nip\":\"348876928595789\",\"name\":\"Prof. Treva Pfannerstill\",\"salary\":6722194},{\"nip\":\"371104994388771\",\"name\":\"Miss Billie Schumm\",\"salary\":5171002},{\"nip\":\"374615859750275\",\"name\":\"Prof. Allison Osinski\",\"salary\":6592625},{\"nip\":\"373264560950005\",\"name\":\"Miss Esperanza Zulauf\",\"salary\":3707729},{\"nip\":\"371570004858764\",\"name\":\"Lady Caitlyn Wyman\",\"salary\":5470547},{\"nip\":\"373244653066886\",\"name\":\"Lady Jackie O\\\"Keefe\",\"salary\":5518548},{\"nip\":\"342810175844006\",\"name\":\"Mrs. Marielle Schinner\",\"salary\":7008411},{\"nip\":\"372450880802794\",\"name\":\"Miss Celestine Marvin\",\"salary\":6057659},{\"nip\":\"344665666360659\",\"name\":\"Dr. Jaqueline Osinski\",\"salary\":7505004},{\"nip\":\"341530939916602\",\"name\":\"Prof. Gracie Reichert\",\"salary\":4911782},{\"nip\":\"377209801453160\",\"name\":\"Mrs. Lilyan Wiza\",\"salary\":3855018},{\"nip\":\"375411087835299\",\"name\":\"Mrs. Gloria Brekke\",\"salary\":3618192},{\"nip\":\"373911982701903\",\"name\":\"Princess Aliza Schimmel\",\"salary\":3522039},{\"nip\":\"343165329297962\",\"name\":\"Princess Martina Mosciski\",\"salary\":3353873},{\"nip\":\"376461154976017\",\"name\":\"Dr. Virginie Bechtelar\",\"salary\":4559753},{\"nip\":\"371173083176942\",\"name\":\"Prof. Clarissa Kunze\",\"salary\":4305481},{\"nip\":\"343691435868138\",\"name\":\"Ms. Sabrina Parisian\",\"salary\":6520572},{\"nip\":\"340897581967457\",\"name\":\"Ms. Ayana Goodwin\",\"salary\":5070415},{\"nip\":\"346523829767172\",\"name\":\"Ms. Blanca Hegmann\",\"salary\":6461688},{\"nip\":\"346961704055344\",\"name\":\"Queen Muriel Dickinson\",\"salary\":6069340},{\"nip\":\"377996815712345\",\"name\":\"Ms. Barbara Lesch\",\"salary\":5056187},{\"nip\":\"371765844178191\",\"name\":\"Miss May White\",\"salary\":3071229},{\"nip\":\"345137203379052\",\"name\":\"Queen Cleora Streich\",\"salary\":5702141},{\"nip\":\"370495688443644\",\"name\":\"Lady Casandra Dare\",\"salary\":3763474},{\"nip\":\"378603695133128\",\"name\":\"Prof. Estelle Hegmann\",\"salary\":4257651},{\"nip\":\"373274465418883\",\"name\":\"Miss Laury Kerluke\",\"salary\":7989283},{\"nip\":\"375821313941531\",\"name\":\"Lady Kylie Graham\",\"salary\":6518745},{\"nip\":\"376949802508791\",\"name\":\"Lady Sabrina Roberts\",\"salary\":4171854},{\"nip\":\"371257885196841\",\"name\":\"Lady Nicolette Sawayn\",\"salary\":6641448},{\"nip\":\"375713391943454\",\"name\":\"Princess Myriam Witting\",\"salary\":3014368},{\"nip\":\"376199318198964\",\"name\":\"Ms. Earlene Moore\",\"salary\":7964754},{\"nip\":\"348481991335134\",\"name\":\"Mrs. Maegan Shields\",\"salary\":5450532},{\"nip\":\"346783279167482\",\"name\":\"Ms. Verna Morar\",\"salary\":7628443},{\"nip\":\"374178146363472\",\"name\":\"Princess Vernice Lehner\",\"salary\":6156151},{\"nip\":\"342506313886713\",\"name\":\"Ms. Peggie Hackett\",\"salary\":3377458},{\"nip\":\"343591743281267\",\"name\":\"Mrs. Lorine Haley\",\"salary\":5901153},{\"nip\":\"376875185090789\",\"name\":\"Prof. Janelle Hansen\",\"salary\":4039156},{\"nip\":\"343430361333370\",\"name\":\"Prof. Bianka Walker\",\"salary\":4940163},{\"nip\":\"375797635043425\",\"name\":\"Miss Heloise Robel\",\"salary\":4215006},{\"nip\":\"344053371411342\",\"name\":\"Dr. Erica Casper\",\"salary\":4688925},{\"nip\":\"346590617449413\",\"name\":\"Princess Hillary Kutch\",\"salary\":7635158},{\"nip\":\"343235748252211\",\"name\":\"Dr. Helen Osinski\",\"salary\":4880837}]}"
                                }
                            ],
                            "protocolProfileBehavior": {
                                "strictSSL": false,
                                "followRedirects": true
                            }
                        }
                    ],
                    "event": [
                        {
                            "listen": "prerequest",
                            "script": {
                                "exec": [],
                                "type": "text/javascript",
                                "packages": {}
                            }
                        },
                        {
                            "listen": "test",
                            "script": {
                                "exec": [],
                                "type": "text/javascript",
                                "packages": {}
                            }
                        }
                    ],
                    "auth": {}
                }
            ],
            "event": [
                {
                    "listen": "prerequest",
                    "script": {
                        "exec": [],
                        "type": "text/javascript",
                        "packages": {}
                    }
                },
                {
                    "listen": "test",
                    "script": {
                        "exec": [],
                        "type": "text/javascript",
                        "packages": {}
                    }
                }
            ],
            "auth": {}
        },
        {
            "name": "audit-service",
            "description": "",
            "item": [
                {
                    "name": "Get All Employees",
                    "description": "",
                    "event": [],
                    "auth": {},
                    "request": {
                        "auth": {},
                        "method": "POST",
                        "body": {
                            "mode": "raw",
                            "raw": "{\n    \"event\": \"UserLoggedIn\",\n    \"service\": \"auth-service\",\n    \"request_id\": \"req-123456\",\n    \"ip\": \"192.168.1.10\",\n    \"timestamp\": \"2025-06-08T12:34:56Z\"\n}",
                            "options": {
                                "raw": {
                                    "language": "json"
                                }
                            }
                        },
                        "header": [],
                        "url": {
                            "raw": "{{baseUrl}}/audit/test/publish",
                            "path": [
                                "audit",
                                "test",
                                "publish"
                            ],
                            "host": [
                                "{{baseUrl}}"
                            ],
                            "query": [],
                            "variable": []
                        }
                    },
                    "response": [],
                    "protocolProfileBehavior": {
                        "strictSSL": false,
                        "followRedirects": true
                    }
                }
            ],
            "event": [
                {
                    "listen": "prerequest",
                    "script": {
                        "exec": [],
                        "type": "text/javascript",
                        "packages": {}
                    }
                },
                {
                    "listen": "test",
                    "script": {
                        "exec": [],
                        "type": "text/javascript",
                        "packages": {}
                    }
                }
            ],
            "auth": {}
        },
        {
            "name": "attendance-service",
            "description": "",
            "item": [
                {
                    "name": "admin",
                    "description": "",
                    "item": [
                        {
                            "name": "Add Attendance Period",
                            "description": "",
                            "event": [],
                            "auth": {},
                            "request": {
                                "auth": {
                                    "type": "bearer",
                                    "bearer": [
                                        {
                                            "key": "token",
                                            "value": "{{BEARER_TOKEN}}",
                                            "type": "string"
                                        }
                                    ]
                                },
                                "method": "POST",
                                "body": {
                                    "mode": "raw",
                                    "raw": "{\n    \"startDate\": \"2025-01-01\",\n    \"endDate\": \"2025-01-31\",\n    \"payrollPeriodCode\": \"2025_JUNE\"\n}",
                                    "options": {
                                        "raw": {
                                            "language": "json"
                                        }
                                    }
                                },
                                "header": [],
                                "url": {
                                    "raw": "{{baseUrl}}/api/attendance/admin/attendance-period",
                                    "path": [
                                        "api",
                                        "attendance",
                                        "admin",
                                        "attendance-period"
                                    ],
                                    "host": [
                                        "{{baseUrl}}"
                                    ],
                                    "query": [],
                                    "variable": []
                                }
                            },
                            "response": [],
                            "protocolProfileBehavior": {
                                "strictSSL": false,
                                "followRedirects": true
                            }
                        }
                    ],
                    "event": [
                        {
                            "listen": "prerequest",
                            "script": {
                                "exec": [],
                                "type": "text/javascript",
                                "packages": {}
                            }
                        },
                        {
                            "listen": "test",
                            "script": {
                                "exec": [],
                                "type": "text/javascript",
                                "packages": {}
                            }
                        }
                    ],
                    "auth": {}
                },
                {
                    "name": "api",
                    "description": "",
                    "item": [
                        {
                            "name": "Submit Attendance",
                            "description": "",
                            "event": [],
                            "auth": {},
                            "request": {
                                "auth": {
                                    "type": "bearer",
                                    "bearer": [
                                        {
                                            "key": "token",
                                            "value": "{{BEARER_TOKEN}}",
                                            "type": "string"
                                        }
                                    ]
                                },
                                "method": "POST",
                                "body": {
                                    "mode": "raw",
                                    "options": {
                                        "raw": {
                                            "language": "json"
                                        }
                                    }
                                },
                                "header": [],
                                "url": {
                                    "raw": "{{baseUrl}}/api/attendance/api/attendance",
                                    "path": [
                                        "api",
                                        "attendance",
                                        "api",
                                        "attendance"
                                    ],
                                    "host": [
                                        "{{baseUrl}}"
                                    ],
                                    "query": [],
                                    "variable": []
                                }
                            },
                            "response": [],
                            "protocolProfileBehavior": {
                                "strictSSL": false,
                                "followRedirects": true
                            }
                        }
                    ],
                    "event": [
                        {
                            "listen": "prerequest",
                            "script": {
                                "exec": [],
                                "type": "text/javascript",
                                "packages": {}
                            }
                        },
                        {
                            "listen": "test",
                            "script": {
                                "exec": [],
                                "type": "text/javascript",
                                "packages": {}
                            }
                        }
                    ],
                    "auth": {}
                },
                {
                    "name": "microservice",
                    "description": "",
                    "item": [
                        {
                            "name": "Get Attendance Period by Payroll",
                            "description": "",
                            "event": [],
                            "auth": {},
                            "request": {
                                "auth": {
                                    "type": "bearer",
                                    "bearer": [
                                        {
                                            "key": "token",
                                            "value": "{{BEARER_TOKEN}}",
                                            "type": "string"
                                        }
                                    ]
                                },
                                "method": "POST",
                                "body": {
                                    "mode": "raw",
                                    "raw": "{\n    \"payrollCode\": \"2025_JUNE\"\n}",
                                    "options": {
                                        "raw": {
                                            "language": "json"
                                        }
                                    }
                                },
                                "header": [],
                                "url": {
                                    "raw": "{{baseUrl}}/services/attendance/services/get-attendance-period",
                                    "path": [
                                        "services",
                                        "attendance",
                                        "services",
                                        "get-attendance-period"
                                    ],
                                    "host": [
                                        "{{baseUrl}}"
                                    ],
                                    "query": [],
                                    "variable": []
                                }
                            },
                            "response": [],
                            "protocolProfileBehavior": {
                                "strictSSL": false,
                                "followRedirects": true
                            }
                        },
                        {
                            "name": "Get Attendance Summary",
                            "description": "",
                            "event": [],
                            "auth": {},
                            "request": {
                                "auth": {},
                                "method": "POST",
                                "body": {
                                    "mode": "raw",
                                    "raw": "{\n    \"periodStart\": \"2025-05-01T00:00:00Z07:00\",\n    \"periodEnd\": \"2025-05-30T23:59:59Z07:00\"\n}",
                                    "options": {
                                        "raw": {
                                            "language": "json"
                                        }
                                    }
                                },
                                "header": [],
                                "url": {
                                    "raw": "{{baseUrl}}/services/attendance/services/get-attendance-summary",
                                    "path": [
                                        "services",
                                        "attendance",
                                        "services",
                                        "get-attendance-summary"
                                    ],
                                    "host": [
                                        "{{baseUrl}}"
                                    ],
                                    "query": [],
                                    "variable": []
                                }
                            },
                            "response": [],
                            "protocolProfileBehavior": {
                                "strictSSL": false,
                                "followRedirects": true
                            }
                        }
                    ],
                    "event": [
                        {
                            "listen": "prerequest",
                            "script": {
                                "exec": [],
                                "type": "text/javascript",
                                "packages": {}
                            }
                        },
                        {
                            "listen": "test",
                            "script": {
                                "exec": [],
                                "type": "text/javascript",
                                "packages": {}
                            }
                        }
                    ],
                    "auth": {}
                }
            ],
            "event": [
                {
                    "listen": "prerequest",
                    "script": {
                        "exec": [],
                        "type": "text/javascript",
                        "packages": {}
                    }
                },
                {
                    "listen": "test",
                    "script": {
                        "exec": [],
                        "type": "text/javascript",
                        "packages": {}
                    }
                }
            ],
            "auth": {}
        },
        {
            "name": "overtime-service",
            "description": "",
            "item": [
                {
                    "name": "admin",
                    "description": "",
                    "item": [],
                    "event": [
                        {
                            "listen": "prerequest",
                            "script": {
                                "exec": [],
                                "type": "text/javascript",
                                "packages": {}
                            }
                        },
                        {
                            "listen": "test",
                            "script": {
                                "exec": [],
                                "type": "text/javascript",
                                "packages": {}
                            }
                        }
                    ],
                    "auth": {}
                },
                {
                    "name": "api",
                    "description": "",
                    "item": [
                        {
                            "name": "Submit Overtime",
                            "description": "",
                            "event": [],
                            "auth": {},
                            "request": {
                                "auth": {
                                    "type": "bearer",
                                    "bearer": [
                                        {
                                            "key": "token",
                                            "value": "{{BEARER_TOKEN}}",
                                            "type": "string"
                                        }
                                    ]
                                },
                                "method": "POST",
                                "body": {
                                    "mode": "raw",
                                    "raw": "{\n    \"hours\": 2.5\n}",
                                    "options": {
                                        "raw": {
                                            "language": "json"
                                        }
                                    }
                                },
                                "header": [],
                                "url": {
                                    "raw": "{{baseUrl}}/api/overtime/api/overtime",
                                    "path": [
                                        "api",
                                        "overtime",
                                        "api",
                                        "overtime"
                                    ],
                                    "host": [
                                        "{{baseUrl}}"
                                    ],
                                    "query": [],
                                    "variable": []
                                }
                            },
                            "response": [],
                            "protocolProfileBehavior": {
                                "strictSSL": false,
                                "followRedirects": true
                            }
                        }
                    ],
                    "event": [
                        {
                            "listen": "prerequest",
                            "script": {
                                "exec": [],
                                "type": "text/javascript",
                                "packages": {}
                            }
                        },
                        {
                            "listen": "test",
                            "script": {
                                "exec": [],
                                "type": "text/javascript",
                                "packages": {}
                            }
                        }
                    ],
                    "auth": {}
                },
                {
                    "name": "microservice",
                    "description": "",
                    "item": [
                        {
                            "name": "Get Overtime Summary",
                            "description": "",
                            "event": [],
                            "auth": {},
                            "request": {
                                "auth": {},
                                "method": "POST",
                                "body": {
                                    "mode": "raw",
                                    "raw": "{\n    \"periodStart\": \"2025-06-01T00:00:00Z07:00\",\n    \"periodEnd\": \"2025-06-30T23:59:59Z07:00\"\n}",
                                    "options": {
                                        "raw": {
                                            "language": "json"
                                        }
                                    }
                                },
                                "header": [],
                                "url": {
                                    "raw": "{{baseUrl}}/services/overtime/services/get-overtime-summary",
                                    "path": [
                                        "services",
                                        "overtime",
                                        "services",
                                        "get-overtime-summary"
                                    ],
                                    "host": [
                                        "{{baseUrl}}"
                                    ],
                                    "query": [],
                                    "variable": []
                                }
                            },
                            "response": [],
                            "protocolProfileBehavior": {
                                "strictSSL": false,
                                "followRedirects": true
                            }
                        }
                    ],
                    "event": [
                        {
                            "listen": "prerequest",
                            "script": {
                                "exec": [],
                                "type": "text/javascript",
                                "packages": {}
                            }
                        },
                        {
                            "listen": "test",
                            "script": {
                                "exec": [],
                                "type": "text/javascript",
                                "packages": {}
                            }
                        }
                    ],
                    "auth": {}
                }
            ],
            "event": [
                {
                    "listen": "prerequest",
                    "script": {
                        "exec": [],
                        "type": "text/javascript",
                        "packages": {}
                    }
                },
                {
                    "listen": "test",
                    "script": {
                        "exec": [],
                        "type": "text/javascript",
                        "packages": {}
                    }
                }
            ],
            "auth": {}
        },
        {
            "name": "reimbursement-service",
            "description": "",
            "item": [
                {
                    "name": "admin",
                    "description": "",
                    "item": [],
                    "event": [
                        {
                            "listen": "prerequest",
                            "script": {
                                "exec": [],
                                "type": "text/javascript",
                                "packages": {}
                            }
                        },
                        {
                            "listen": "test",
                            "script": {
                                "exec": [],
                                "type": "text/javascript",
                                "packages": {}
                            }
                        }
                    ],
                    "auth": {}
                },
                {
                    "name": "api",
                    "description": "",
                    "item": [
                        {
                            "name": "Submit Reimbursement",
                            "description": "",
                            "event": [],
                            "auth": {},
                            "request": {
                                "auth": {
                                    "type": "bearer",
                                    "bearer": [
                                        {
                                            "key": "token",
                                            "value": "{{BEARER_TOKEN}}",
                                            "type": "string"
                                        }
                                    ]
                                },
                                "method": "POST",
                                "body": {
                                    "mode": "raw",
                                    "raw": "{\n    \"amount\": 100000,\n    \"description\": \"Parkir bulanan\"\n}",
                                    "options": {
                                        "raw": {
                                            "language": "json"
                                        }
                                    }
                                },
                                "header": [],
                                "url": {
                                    "raw": "{{baseUrl}}/api/reimbursement/api/reimbursement",
                                    "path": [
                                        "api",
                                        "reimbursement",
                                        "api",
                                        "reimbursement"
                                    ],
                                    "host": [
                                        "{{baseUrl}}"
                                    ],
                                    "query": [],
                                    "variable": []
                                }
                            },
                            "response": [],
                            "protocolProfileBehavior": {
                                "strictSSL": false,
                                "followRedirects": true
                            }
                        }
                    ],
                    "event": [
                        {
                            "listen": "prerequest",
                            "script": {
                                "exec": [],
                                "type": "text/javascript",
                                "packages": {}
                            }
                        },
                        {
                            "listen": "test",
                            "script": {
                                "exec": [],
                                "type": "text/javascript",
                                "packages": {}
                            }
                        }
                    ],
                    "auth": {}
                },
                {
                    "name": "microservice",
                    "description": "",
                    "item": [
                        {
                            "name": "Get Reimbursement Summary",
                            "description": "",
                            "event": [],
                            "auth": {},
                            "request": {
                                "auth": {},
                                "method": "POST",
                                "body": {
                                    "mode": "raw",
                                    "raw": "{\n    \"periodStart\": \"2025-06-01T00:00:00Z07:00\",\n    \"periodEnd\": \"2025-06-30T23:59:59Z07:00\"\n}",
                                    "options": {
                                        "raw": {
                                            "language": "json"
                                        }
                                    }
                                },
                                "header": [],
                                "url": {
                                    "raw": "{{baseUrl}}/services/reimbursement/services/get-reimbursement-summary",
                                    "path": [
                                        "services",
                                        "reimbursement",
                                        "services",
                                        "get-reimbursement-summary"
                                    ],
                                    "host": [
                                        "{{baseUrl}}"
                                    ],
                                    "query": [],
                                    "variable": []
                                }
                            },
                            "response": [],
                            "protocolProfileBehavior": {
                                "strictSSL": false,
                                "followRedirects": true
                            }
                        }
                    ],
                    "event": [
                        {
                            "listen": "prerequest",
                            "script": {
                                "exec": [],
                                "type": "text/javascript",
                                "packages": {}
                            }
                        },
                        {
                            "listen": "test",
                            "script": {
                                "exec": [],
                                "type": "text/javascript",
                                "packages": {}
                            }
                        }
                    ],
                    "auth": {}
                }
            ],
            "event": [
                {
                    "listen": "prerequest",
                    "script": {
                        "exec": [],
                        "type": "text/javascript",
                        "packages": {}
                    }
                },
                {
                    "listen": "test",
                    "script": {
                        "exec": [],
                        "type": "text/javascript",
                        "packages": {}
                    }
                }
            ],
            "auth": {}
        },
        {
            "name": "payroll-service",
            "description": "",
            "item": [
                {
                    "name": "admin",
                    "description": "",
                    "item": [
                        {
                            "name": "Run Payroll",
                            "description": "",
                            "event": [],
                            "auth": {},
                            "request": {
                                "auth": {
                                    "type": "bearer",
                                    "bearer": [
                                        {
                                            "key": "token",
                                            "value": "{{BEARER_TOKEN}}",
                                            "type": "string"
                                        }
                                    ]
                                },
                                "method": "POST",
                                "body": {
                                    "mode": "raw",
                                    "raw": "{\n    \"payrollCode\": \"2025_JUNE\"\n}",
                                    "options": {
                                        "raw": {
                                            "language": "json"
                                        }
                                    }
                                },
                                "header": [],
                                "url": {
                                    "raw": "{{baseUrl}}/api/payroll/admin/payroll/run",
                                    "path": [
                                        "api",
                                        "payroll",
                                        "admin",
                                        "payroll",
                                        "run"
                                    ],
                                    "host": [
                                        "{{baseUrl}}"
                                    ],
                                    "query": [],
                                    "variable": []
                                }
                            },
                            "response": [],
                            "protocolProfileBehavior": {
                                "strictSSL": false,
                                "followRedirects": true
                            }
                        },
                        {
                            "name": "Get Payslip All Employee Excel",
                            "description": "",
                            "event": [],
                            "auth": {},
                            "request": {
                                "auth": {
                                    "type": "bearer",
                                    "bearer": [
                                        {
                                            "key": "token",
                                            "value": "{{BEARER_TOKEN}}",
                                            "type": "string"
                                        }
                                    ]
                                },
                                "method": "POST",
                                "body": {
                                    "mode": "raw",
                                    "raw": "{\n    \"payrollCode\": \"2025_JUNE\"\n}",
                                    "options": {
                                        "raw": {
                                            "language": "json"
                                        }
                                    }
                                },
                                "header": [],
                                "url": {
                                    "raw": "{{baseUrl}}/api/payroll/admin/payslip/report-excel",
                                    "path": [
                                        "api",
                                        "payroll",
                                        "admin",
                                        "payslip",
                                        "report-excel"
                                    ],
                                    "host": [
                                        "{{baseUrl}}"
                                    ],
                                    "query": [],
                                    "variable": []
                                }
                            },
                            "response": [],
                            "protocolProfileBehavior": {
                                "strictSSL": false,
                                "followRedirects": true
                            }
                        }
                    ],
                    "event": [
                        {
                            "listen": "prerequest",
                            "script": {
                                "exec": [],
                                "type": "text/javascript",
                                "packages": {}
                            }
                        },
                        {
                            "listen": "test",
                            "script": {
                                "exec": [],
                                "type": "text/javascript",
                                "packages": {}
                            }
                        }
                    ],
                    "auth": {}
                },
                {
                    "name": "api",
                    "description": "",
                    "item": [
                        {
                            "name": "Get Payslip Employee",
                            "description": "",
                            "event": [],
                            "auth": {},
                            "request": {
                                "auth": {
                                    "type": "bearer",
                                    "bearer": [
                                        {
                                            "key": "token",
                                            "value": "{{BEARER_TOKEN}}",
                                            "type": "string"
                                        }
                                    ]
                                },
                                "method": "POST",
                                "body": {
                                    "mode": "raw",
                                    "raw": "{\n    \"payrollCode\": \"2025_JUNE\"\n}",
                                    "options": {
                                        "raw": {
                                            "language": "json"
                                        }
                                    }
                                },
                                "header": [],
                                "url": {
                                    "raw": "{{baseUrl}}/api/payroll/api/payslip",
                                    "path": [
                                        "api",
                                        "payroll",
                                        "api",
                                        "payslip"
                                    ],
                                    "host": [
                                        "{{baseUrl}}"
                                    ],
                                    "query": [],
                                    "variable": []
                                }
                            },
                            "response": [],
                            "protocolProfileBehavior": {
                                "strictSSL": false,
                                "followRedirects": true
                            }
                        }
                    ],
                    "event": [
                        {
                            "listen": "prerequest",
                            "script": {
                                "exec": [],
                                "type": "text/javascript",
                                "packages": {}
                            }
                        },
                        {
                            "listen": "test",
                            "script": {
                                "exec": [],
                                "type": "text/javascript",
                                "packages": {}
                            }
                        }
                    ],
                    "auth": {}
                }
            ],
            "event": [
                {
                    "listen": "prerequest",
                    "script": {
                        "exec": [],
                        "type": "text/javascript",
                        "packages": {}
                    }
                },
                {
                    "listen": "test",
                    "script": {
                        "exec": [],
                        "type": "text/javascript",
                        "packages": {}
                    }
                }
            ],
            "auth": {}
        }
    ],
    "variable": [
        {
            "key": "BEARER_TOKEN",
            "value": "",
            "type": "string"
        }
    ],
    "event": [],
    "auth": {}
}